loss,dice_coef,dice_loss,specificity,sensitivity,accuracy,val_loss,val_dice_coef,val_dice_loss,val_specificity,val_sensitivity,val_accuracy
0.8718390464782715,0.05803724750876427,0.9419629573822021,0.8289767503738403,0.25372985005378723,0.8091235160827637,0.9331398606300354,0.05722714960575104,0.9427726864814758,0.9727455377578735,0.027252918109297752,0.9605691432952881
