loss,dice_coef,dice_loss,specificity,sensitivity,accuracy,val_loss,val_dice_coef,val_dice_loss,val_specificity,val_sensitivity,val_accuracy
0.8988660573959351,0.02113950625061989,0.9788605570793152,0.7862204313278198,0.25547128915786743,0.7636642456054688,-0.2502754032611847,0.004992141854017973,0.9950081706047058,0.49852848052978516,0.5015316605567932,0.46442481875419617
0.8923130035400391,0.02353787049651146,0.976462185382843,0.5461810827255249,0.4913865625858307,0.5436633825302124,-0.2896038591861725,0.00524955615401268,0.9947507381439209,0.48422741889953613,0.5173497200012207,0.04101869463920593
0.8877747654914856,0.024885330349206924,0.975114643573761,0.554621696472168,0.5143201947212219,0.5526989102363586,-0.23669329285621643,0.005125097464770079,0.9948749542236328,0.5038315057754517,0.49603283405303955,0.5348420143127441
0.8862268328666687,0.020331071689724922,0.9796689748764038,0.6165698170661926,0.4679386019706726,0.6111965179443359,-0.26771414279937744,0.005168904084712267,0.9948314428329468,0.4918137788772583,0.5085850358009338,0.37430867552757263
0.8588732481002808,0.023013945668935776,0.9769860506057739,0.6725205779075623,0.4354594349861145,0.6621742248535156,-0.8640487790107727,0.0074423933401703835,0.9925572872161865,0.2521924376487732,0.7486542463302612,0.013014440424740314
