epoch,train_dice_loss,train_tversky_loss,val_dice_loss,val_tversky_loss
0,0.34690719842910767,0.958901435136795,0.8079462647438049,0.9585525393486023
1,1.6466652154922485,0.9390448331832886,0.5428599119186401,0.947456955909729
