dice_loss,tversky_loss,accuracy
0.9587275385856628,0.9651165008544922,0.0
0.9587275385856628,0.9651165008544922,0.0
0.9587275385856628,0.9651165008544922,0.0
