dice_loss,tversky_loss
0.9679694175720215,0.8921342492103577
