epoch,loss,dice_coef,dice_loss,specificity,sensitivity,accuracy,val_loss,val_dice_coef,val_dice_loss,val_specificity,val_sensitivity,val_accuracy
1,0.9714710116386414,0.007635962218046188,0.992364227771759,0.858308732509613,0.47348520159721375,0.8398094177246094,0.9686921834945679,0.01242624968290329,0.9875739812850952,0.6843739151954651,0.9882853627204895,0.6894751191139221
