epoch,loss,dice_coef,dice_loss,specificity,sensitivity,accuracy,val_loss,val_dice_coef,val_dice_loss,val_specificity,val_sensitivity,val_accuracy
1,0.9681943655014038,0.012510059401392937,0.9874900579452515,0.2797008752822876,0.860870897769928,0.2886314392089844,0.9618484973907471,0.013978035189211369,0.9860221743583679,0.47991952300071716,0.9998698234558105,0.48805609345436096
2,0.8594807386398315,0.025514136999845505,0.9744859337806702,0.8183830976486206,0.8567867279052734,0.817138671875,0.9538931846618652,0.015266313217580318,0.9847336411476135,0.6777950525283813,0.999802827835083,0.6828770637512207
3,0.8545657396316528,0.01624738797545433,0.9837525486946106,0.859285831451416,0.7998256683349609,0.8588333129882812,0.9569375514984131,0.014083120040595531,0.9859168529510498,0.8063479661941528,0.9983415007591248,0.8093094825744629
4,0.8405618667602539,0.013761124573647976,0.9862388968467712,0.9220716953277588,0.5369933247566223,0.9124336242675781,0.9446122050285339,0.015385422855615616,0.9846151471138,0.8428892493247986,0.9728701114654541,0.8448547124862671
