epoch,train_dice_loss,train_tversky_loss,val_dice_loss,val_tversky_loss
0,17.914535760879517,0.9854925274848938,0.9333709478378296,0.9986077547073364
1,1.3258583545684814,0.9917987287044525,0.731358528137207,0.9888824224472046
2,1.2180336117744446,0.9897458255290985,-29.26915168762207,0.982189953327179
3,1.163672149181366,0.9875278472900391,1.6685335636138916,0.9788306355476379
4,1.1253957152366638,0.9852130711078644,1.3729825019836426,0.9765108227729797
