epoch,train_dice_loss,train_tversky_loss,val_dice_loss,val_tversky_loss
0,3.2950860261917114,0.9803531765937805,0.9115745425224304,0.997005820274353
1,1.0566769242286682,0.9709256291389465,0.9976642727851868,0.9738090634346008
2,0.715164452791214,0.9494580030441284,0.4852808713912964,0.959030270576477
3,1.0302430987358093,0.9365821480751038,0.7462632656097412,0.9612504839897156
4,1.2293610572814941,0.939678281545639,0.7424262166023254,0.9664508104324341
